{
	"granulator" : 	{
		"preset1" : 		{
			"file1" : "Trump130mj02-Bb.wav"
		}
,
		"preset2" : 		{
			"file1" : "Organ130mj03-Bb1.wav"
		}
,
		"preset3" : 		{
			"file1" : "Brass130mj02-Bb2.wav"
		}

	}
,
	"looper" : 	{
		"preset1" : 		{
			"file1" : "Arise_Verse_Drums.mp3",
			"file2" : "Arise_Verse_Bass.mp3",
			"file3" : "Arise_Verse_Piano.mp3",
			"file4" : "Arise_Verse_PluckyGuitar.mp3",
			"file5" : "Arise_Verse_GroovyGuitar2.mp3",
			"file6" : "Arise_Verse_Vocals3(WickedMan).mp3"
		}
,
		"preset2" : 		{
			"file1" : "SKA_130_BEAT_01.wav",
			"file2" : "Bass130mj01-Bb.wav",
			"file3" : "Brass130mj01-Bb1.wav",
			"file4" : "Sax130mj04-Bb.wav",
			"file5" : "Tromb130mj03-Bb.wav",
			"file6" : "Trump130mj02-Bb.wav"
		}
,
		"preset3" : 		{
			"file1" : "Garage_Bass",
			"file2" : "Garage_Piano",
			"file3" : "Garage_Conga",
			"file4" : "Garage_Strings",
			"file5" : "Garage_Beat",
			"file6" : "Garage_Guitar"
		}

	}
,
	"mixer" : 	{
		"preset1" : 		{
			"file1" : "mixer_arp1.mp3"
		}
,
		"preset2" : 		{
			"file1" : "mixer_pad1.mp3"
		}
,
		"preset3" : 		{
			"file1" : "mixer_shimmer1.mp3"
		}

	}

}
